predictor,coefficient_mean
elevation,0.16032224815285323
ndvi,0.09582841427536104
on_roads,0.012084919138949927
dist_to_roads,0.1675295087350186
on_trails,0.003662916246851742
dist_to_trails,0.14958804036639392
on_water,0.0008033005453180122
dist_to_water,0.16819274831972367
rocky_terrain,0.00805997138242579
firm_wetlands,5.533752831381487e-05
landcover_barr__och_blandskog,0.0361354219193337
landcover_öppen_mark,0.03027611343267006
on_buildings,0.0
dist_to_buildings,0.16746105995678645
